,df,sum_sq,mean_sq,F,PR(>F)
C(insurance_type),3.0,66595122.51562345,22198374.171874482,1.2678805178081938,0.2834834885020155
Residual,29996.0,525177587562.1423,17508254.019273978,,
